NOMBRE,GENERO
MARIA,FEMENINO
ANA,FEMENINO
SOFIA,FEMENINO
ISABEL,FEMENINO
LUISA,FEMENINO
CARMEN,FEMENINO
PAULA,FEMENINO
LUCIA,FEMENINO
ROSARIO,FEMENINO
MARIANA,FEMENINO
ANDREA,FEMENINO
VALERIA,FEMENINO
DANIELA,FEMENINO
GABRIELA,FEMENINO
VERONICA,FEMENINO
NATALIA,FEMENINO
EMILIA,FEMENINO
VICTORIA,FEMENINO
JUAN,MASCULINO
CARLOS,MASCULINO
LUIS,MASCULINO
JOSÉ,MASCULINO
JORGE,MASCULINO
PEDRO,MASCULINO
DIEGO,MASCULINO
MIGUEL,MASCULINO
DAVID,MASCULINO
ANDRÉS,MASCULINO
PABLO,MASCULINO
RAUL,MASCULINO
SEBASTIAN,MASCULINO
NICOLAS,MASCULINO
FERNANDO,MASCULINO
EDUARDO,MASCULINO
RICARDO,MASCULINO
FRANCISCO,MASCULINO
